{"_id":"05f2c36f5eba539700a0311f33fa3a35","value":"[[[1,5],[2,4]],[[0,1],[2,3]],[[0,2],[4,5]],[[0,4],[1,3]],[[1,2],[3,5]],[[0,3],[2,5]],[[0,5],[1,4]],[[3,4],[1,2]]]","key":"ORDERS_6","name":"8局制","order":0.0}
{"_id":"8e170652619ca9e60529f9dc2fafa5db","key":"GROUP_ORDERS_8","name":"8局制","type":"group","value":"[[[0,1],[2,3]],[[4,5],[6,7]],[[0,7],[2,5]],[[1,6],[3,4]],[[0,3],[1,4]],[[0,5],[3,6]],[[1,2],[4,7]],[[2,7],[4,5]]]","sortgroups":"[[0, 2, 4, 6],[1,3,5,7]]"}
{"_id":"a9bfcffc5eba53b400759cb763d0576c","key":"ORDERS_7","name":"14局制","value":"[[[2,5],[0,6]],[[0,1],[3,4]],[[2,3],[4,6]],[[0,5],[1,3]],[[1,4],[5,6]],[[0,3],[2,6]],[[0,2],[4,5]],[[3,6],[1,5]],[[1,6],[0,4]],[[3,5],[2,4]],[[1,2],[0,5]],[[3,4],[2,5]],[[1,4],[2,6]],[[1,3],[0,6]]]","order":0.0}
{"_id":"e656fa635f6b5d84005e2f096812d358","key":"access_token","access_token":"62_XXHf6Qj0uccuJbU7WlwKhtr4goWBrthA8NRPDqMBn1Ah13dqJrhJKH6BSNuFpiRBQVPVs4KWxHGB1wd2uAOJedpmHbsKkdbnZxqxjEIO4B6vaXBP-wzvBi2_KiQNLKeAIAVTS","expireTime":{"$date":"2022-11-14T13:27:29.129Z"}}
{"_id":"74a35ee25f7b34850043782b3ec9ad98","key":"PAIR_ORDERS_8","name":"12局制","type":"fix","value":"[[[0,1],[2,3]],[[4,5],[6,7]],[[0,1],[4,5]],[[6,7],[2,3]],[[0,1],[6,7]],[[2,3],[4,5]],[[0,1],[4,5]],[[6,7],[2,3]],[[0,1],[2,3]],[[4,5],[6,7]],[[0,1],[6,7]],[[2,3],[4,5]]]"}
{"_id":"982133855eba71de00908cb805d4a85a","name":"11局制","value":"[[[2,5],[0,6]],[[1,2],[3,4]],[[0,5],[1,3]],[[2,3],[4,6]],[[1,4],[5,6]],[[0,3],[2,6]],[[0,2],[4,5]],[[3,6],[1,5]],[[3,5],[2,4]],[[1,6],[0,4]],[[0,1],[2,6]]]","key":"ORDERS_7","order":1.0}
{"_id":"d782d4875f77516f00c6f0ef1a9cb606","key":"PAIR_ORDERS_8","name":"6局制","type":"fix","value":"[[[0,1],[2,3]],[[4,5],[6,7]],[[0,1],[4,5]],[[6,7],[2,3]],[[0,1],[6,7]],[[2,3],[4,5]]]"}
{"_id":"5b00f9706098d2dd095353dd2b3ad770","name":"前4打后4","key":"ORDERS_8","nosort":"[0,1,2,3,4,5,6,7]","value":"[[[0,1],[4,5]],[[2,3],[6,7]],[[0,2],[4,6]],[[1,3],[5,7]],[[0,3],[4,7]],[[1,2],[5,6]]]","order":50}
{"_id":"92695f8f5f7b432b004d2c27711b91c0","key":"PAIR_ORDERS_16","name":"28局制","type":"fix","value":"[[[0,1],[2,3]],[[4,5],[6,7]],[[8,9],[10,11]],[[12,13],[14,15]],[[2,3],[4,5]],[[0,1],[14,15]],[[10,11],[12,13]],[[6,7],[8,9]],[[0,1],[4,5]],[[2,3],[6,7]],[[8,9],[12,13]],[[10,11],[14,15]],[[0,1],[6,7]],[[4,5],[10,11]],[[8,9],[14,15]],[[2,3],[12,13]],[[6,7],[10,11]],[[0,1],[12,13]],[[4,5],[14,15]],[[2,3],[8,9]],[[4,5],[12,13]],[[0,1],[8,9]],[[2,3],[10,11]],[[6,7],[14,15]],[[4,5],[8,9]],[[6,7],[12,13]],[[0,1],[10,11]],[[2,3],[14,15]]]"}
{"_id":"ab17f0a65f7b3a2a0017f0290c889beb","key":"PAIR_ORDERS_10","name":"10局制","type":"fix","value":"[[[0,1],[2,3]],[[4,5],[6,7]],[[2,3],[8,9]],[[6,7],[8,9]],[[0,1],[4,5]],[[4,5],[8,9]],[[2,3],[6,7]],[[0,1],[8,9]],[[2,3],[4,5]],[[0,1],[6,7]]]"}
{"_id":"429d17da6034ac0400968166113c5bfd","key":"ORDERS_8","name":"78固搭制","value":"[[[1,5],[2,4]],[[6,7],[0,5]],[[0,1],[2,3]],[[6,7],[3,4]],[[0,2],[4,5]],[[6,7],[1,3]],[[0,4],[1,3]],[[6,7],[2,5]],[[1,2],[3,5]],[[6,7],[0,4]],[[0,3],[2,5]],[[6,7],[1,4]],[[0,5],[1,4]],[[6,7],[2,3]]]","order":10.0,"nosort":"[6,7]"}
{"_id":"92695f8f5f7b3e86004cf7d37b0c3866","key":"PAIR_ORDERS_12","name":"15局制","type":"fix","value":"[[[4,5],[6,7]],[[8,9],[10,11]],[[0,1],[2,3]],[[4,5],[8,9]],[[2,3],[6,7]],[[0,1],[10,11]],[[2,3],[4,5]],[[6,7],[10,11]],[[0,1],[8,9]],[[2,3],[10,11]],[[0,1],[4,5]],[[6,7],[8,9]],[[0,1],[6,7]],[[4,5],[10,11]],[[2,3],[8,9]]]"}
{"_id":"aa9f906d5eba53df0099b2df72a013de","key":"ORDERS_8","name":"14局制","value":"[[[0,1],[2,3]],[[4,5],[6,7]],[[0,2],[4,6]],[[1,3],[5,7]],[[2,4],[3,5]],[[1,7],[0,6]],[[0,4],[3,7]],[[2,6],[1,5]],[[0,7],[2,5]],[[3,4],[1,6]],[[1,2],[4,7]],[[5,6],[0,3]],[[3,6],[2,7]],[[0,5],[1,4]]]","order":100.0}
{"_id":"5e847ab25eb930ad00a2c4e902b413a1","key":"ORDERS_4","value":"[[[0,1],[2,3]],[[0,2],[1,3]],[[0,3],[1,2]]]","name":"3局制","order":0.0}
{"_id":"982133855eba536c008de1103e33ab22","key":"ORDERS_5","name":"6局制","value":"[[[0,1],[2,3]],[[1,2],[3,4]],[[2,4],[0,3]],[[1,3],[0,4]],[[1,4],[0,2]]]","order":0.0}
{"_id":"cd045e756130617d09dbe433718bc12e","order":2,"value":"[[[1,2],[3,4]],[[4,5],[0,6]],[[0,1],[2,3]],[[1,4],[5,6]],[[0,5],[1,3]],[[2,3],[4,6]],[[0,3],[2,6]],[[0,2],[4,5]],[[3,6],[1,5]],[[1,6],[0,4]],[[3,5],[2,4]],[[2,5],[6,1]]]","key":"ORDERS_7","name":"12局制"}
{"_id":"2cfeeef362b40f6b00a2bf0a6e5c9257","key":"GROUP_ORDERS_16","name":"32局制","type":"group","value":"[[[0,1],[2,3]],[[4,5],[6,7]],[[8,9],[10,11]],[[12,13],[14,15]],[[0,3],[2,1]],[[4,9],[8,3]],[[4,7],[6,1]],[[2,7],[6,3]],[[0,5],[4,3]],[[8,15],[14,5]],[[2,5],[4,1]],[[10,15],[14,3]],[[0,7],[6,5]],[[6,9],[8,1]],[[8,13],[12,3]],[[2,9],[8,5]],[[0,9],[8,7]],[[4,11],[10,5]],[[2,15],[14,11]],[[6,11],[10,3]],[[0,11],[10,9]],[[12,15],[14,1]],[[6,13],[12,5]],[[8,11],[10,1]],[[0,15],[14,13]],[[4,13],[12,7]],[[4,15],[14,9]],[[2,13],[12,9]],[[0,13],[12,11]],[[2,11],[10,7]],[[6,15],[14,7]],[[10,13],[12,1]]]","sortgroups":"[[0, 2, 4, 6, 8, 10, 12, 14],[1,3,5,7, 9, 11, 13, 15]]"}
