{"_id":"043ba0325f2e8bee0039caaf38694ff3","key":"expand","openid":"oXhtZ5DjmqAmn0RF4pNMiztv63Rc","value":true}
{"_id":"3adec2825f2d5ee1004287f86ad016f7","key":"expand","openid":"oXhtZ5CGD6hSN5SkAdArRTkTdvzM","value":false}
{"_id":"7498b5fe5f3f63f2000e59d76eb147a2","value":true,"key":"expand","openid":"oXhtZ5Bneda-6WVFiMIxGtJx4h74"}
{"_id":"9ffb2a485f29105600004813383c3a12","key":"expand","openid":"oXhtZ5PocHjYDoGyWIq08FUB4BEY","value":true}
{"_id":"b5416b755f54cbae0140382850d766ac","key":"expand","openid":"oXhtZ5EzVLu8qi3_SJnLsPnNHc0Y","value":true}
{"_id":"d4c8b12b5f3def69002ccaa041d4a512","openid":"oXhtZ5ErHIWUA0U-ws14UY8j5gWU","value":false,"key":"expand"}
{"_id":"e373396c5f6df605007c21ef4878b507","key":"expand","openid":"oXhtZ5H3ljAwquPjYL2Z-XL_jAlE","value":true}
{"_id":"043ba0325f2910e9000049a71b7ef302","key":"expand","openid":"oXhtZ5P0ih3Xr5UBQhLYuoX1FC5s","value":true}
{"_id":"3adec2825f2d55000041a01e13cf63ac","openid":"oXhtZ5PxTEy3nWTTq6oa-JRmOmDE","value":true,"key":"expand"}
{"_id":"7498b5fe5f3f54d5000d321077e4d659","key":"expand","openid":"oXhtZ5Hnt5vmivLqkkWLZKE0sRAY","value":true}
{"_id":"982133855eb9228f007e42f12812cfe9","openid":"oXhtZ5OttJ-FzK3S2fqGXH-kyFHE","key":"expand","value":true}
{"_id":"ac5f38825f5f7770018910ed20e6a95a","key":"expand","openid":"oXhtZ5HpkuNb1CgdlYAJmdQD0P7A","value":false}
{"_id":"cfe347375f2d67a1002cefdc6d5ad39f","key":"expand","openid":"oXhtZ5N4msROQYG58S-wo0gsjS5M","value":true}
{"_id":"d81cd5415f64eb980012409a1fda60b3","key":"expand","openid":"oXhtZ5BYrpyeX75z3zzApYAr3tOQ","value":true}
{"_id":"00e4692c5f3e1b890028511051965db4","key":"expand","openid":"oXhtZ5JsDLQYh0qPe-b7jmlCRVcY","value":false}
{"_id":"1b64dd7b5f6de9e0007d950877c295ba","key":"expand","openid":"oXhtZ5BubSmo_PlVn2A0-uj8hQiI","value":false}
{"_id":"7498b5fe5f3f5270000cf9082d0b4834","key":"expand","openid":"oXhtZ5JUDzG4B8xVenkV81yDofoc","value":false}
{"_id":"8e5be7055f697784004d955a3f7b16b8","value":true,"key":"vip","openid":"oXhtZ5OttJ-FzK3S2fqGXH-kyFHE"}
{"_id":"9ffb2a485f3291650061c4893f7b44d3","openid":"oXhtZ5FrXbLFGJOgGHARBFOMlzmc","value":true,"key":"expand"}
{"_id":"baada3ac5edcc69b006d59bd041b2ab4","openid":"oXhtZ5MwYS9rXyB5IplR_7xkSmOY","key":"expand","value":false}
{"_id":"d81cd5415f63407e000172fd5b9cff85","key":"expand","openid":"oXhtZ5Gul4Mx-D1Dr9etSLDBhSZA","value":true}
{"_id":"f2a60d815ed4fb950020e29477507996","openid":"oXhtZ5M1dl_8liPH51tW5P1FXs5I","key":"expand","value":false}
{"_id":"08e51e265f1e7c6b00811eab17a997e0","key":"expand","openid":"oXhtZ5OuJgly30o9urlHGnkNLIs0","value":true}
{"_id":"3adec2825f329019007fcecc304957ee","value":true,"key":"expand","openid":"oXhtZ5Hy_EdVg1bGg0rRc4xMVE-E"}
{"_id":"84e72bb95f24bf0a003c2e350b3fd3f7","key":"expand","openid":"oXhtZ5AKL1YT-x1LXoNhyL3tGBik","value":false}
{"_id":"9ffb2a485f2ecde8004229f93df6d49c","key":"expand","openid":"oXhtZ5DwJoUfNaFqgZLG11qRDPcc","value":false}
{"_id":"b7d9f2ea5efb10c80011c5a27c7d736e","key":"expand","openid":"oXhtZ5L9K21kEewMBydBfc2MvxiU","value":true}
{"_id":"d721728a5ece6bb500509f7d38d8467b","value":false,"openid":"oXhtZ5EJa4RUm2Q0vMm6Joe1UPS4","key":"expand"}
{"_id":"f11f525b5efc10280014cec5752a939c","value":true,"key":"expand","openid":"oXhtZ5N-CpgRs1kgMiMdmT_90Vd4"}
{"_id":"1503f3385f19333900789ea26042d03b","key":"expand","openid":"oXhtZ5OYwGdc1PWDSnqusXxksMY4","value":true}
{"_id":"6518b7395f4a79fd00996c0217579332","key":"expand","openid":"oXhtZ5CcF4UN9CISheS9CqI1Kvu4","value":true}
{"_id":"8a6c3bf65f5c7fd2012900ae27336f02","openid":"oXhtZ5H3tzwvmhKsEBf2PJ3V3EFA","value":false,"key":"expand"}
{"_id":"9ffb2a485f326c5900607bff35674a59","openid":"oXhtZ5PcMGyTgEQlBA3dIuEVWsEo","value":true,"key":"expand"}
{"_id":"b8df3bd65f67288c00241c42258b54fc","key":"expand","openid":"oXhtZ5G4-NymXReCsvWuh1nzXcmg","value":true}
{"_id":"d782d4875f634168000162527f818649","key":"expand","openid":"oXhtZ5AfIxyu_UhxKvqu9NdGj-Yw","value":true}
{"_id":"f2716ee45f21714600004b464c34cd3a","value":true,"key":"expand","openid":"oXhtZ5EfxD-qBYVQNhccntneS5PI"}
