{"_id":"01ace4015de87e1d0078c77530ebf0b7","appid":"wxf3f6462195815590","openid":"11oXhtZ5OttJ-FzK3S2fqGXH-kyFHE","createDate":{"$date":"2019-12-05T03:48:45.378Z"}}
{"_id":"72527ac65dea009300cda3eb06d3e6b8","openid":"oXhtZ5Cr2E0n386_AAv0CeVLpZSs","createDate":{"$date":"2019-12-06T07:17:39.767Z"},"appid":"wxf3f6462195815590"}
{"_id":"72527ac65decad21016111077bb4146b","appid":"wxf3f6462195815590","openid":"oXhtZ5JdKMYf78J3sqEssn7rOYEQ","createDate":{"$date":"2019-12-08T07:58:25.247Z"}}
{"_id":"72527ac65decb7720163d8557228bf21","appid":"wxf3f6462195815590","openid":"oXhtZ5Iuea3Ld7hs2wf52KvYrtq0","createDate":{"$date":"2019-12-08T08:42:26.779Z"}}
{"_id":"72527ac65decb7860163dd12285e5531","appid":"wxf3f6462195815590","openid":"oXhtZ5LP_7U9K1LMgQEhoSfk6c9E","createDate":{"$date":"2019-12-08T08:42:46.622Z"}}
{"_id":"72527ac65decdc73016f660308cf91b1","openid":"oXhtZ5HIrSvAFJW_kQ0jwbGPP8Io","createDate":{"$date":"2019-12-08T11:20:19.425Z"},"appid":"wxf3f6462195815590"}
{"_id":"72527ac65ded99f4018ac9f50cf3e432","appid":"wxf3f6462195815590","openid":"oXhtZ5MHEu4IhW6cEaI2iXPDHQC8","createDate":{"$date":"2019-12-09T00:48:52.016Z"}}
{"_id":"72527ac65dede535019f7d5218bb5258","createDate":{"$date":"2019-12-09T06:09:57.394Z"},"appid":"wxf3f6462195815590","openid":"oXhtZ5JJByv4RewPtHBFMZDsiEPM"}
{"_id":"72527ac65deec67f01ccd2b9438ccee1","openid":"oXhtZ5LI5OiKv443wpVsO2GmEExQ","createDate":{"$date":"2019-12-09T22:11:11.065Z"},"appid":"wxf3f6462195815590"}
{"_id":"7799745c5decbf3201645b38405eb253","appid":"wxf3f6462195815590","openid":"oXhtZ5KBq-MCYOG48vXLgMnScDGc","createDate":{"$date":"2019-12-08T09:15:30.138Z"}}
{"_id":"b040a67a5de8a8cf0083ba8e15f0e550","openid":"oXhtZ5OttJ-FzK3S2fqGXH-kyFHE","createDate":{"$date":"2019-12-05T06:50:55.612Z"},"appid":"wxf3f6462195815590"}
{"_id":"b040a67a5de8c567008af59774ee5333","appid":"wxf3f6462195815590","openid":"oXhtZ5MxWzvCMFxakMj3YIgHSxfs","createDate":{"$date":"2019-12-05T08:52:55.583Z"}}
{"_id":"b040a67a5decb8250162dd042b97be82","appid":"wxf3f6462195815590","openid":"oXhtZ5EJa4RUm2Q0vMm6Joe1UPS4","createDate":{"$date":"2019-12-08T08:45:25.918Z"}}
{"_id":"b040a67a5decc1a801659a966c9cf512","appid":"wxf3f6462195815590","openid":"oXhtZ5KhMoMhcUvzVeDFsoxvEsNs","createDate":{"$date":"2019-12-08T09:26:00.649Z"}}
{"_id":"dbff9fc75decb7c601637c4c6765476c","appid":"wxf3f6462195815590","openid":"oXhtZ5O5glGP926K9OnUuQReOmzU","createDate":{"$date":"2019-12-08T08:43:50.538Z"}}
{"_id":"dbff9fc75decb8990163b4bb0ec95858","openid":"oXhtZ5OYwGdc1PWDSnqusXxksMY4","createDate":{"$date":"2019-12-08T08:47:21.128Z"},"appid":"wxf3f6462195815590"}
{"_id":"e8f863ba5decb7a701637dae43462e5b","createDate":{"$date":"2019-12-08T08:43:19.580Z"},"appid":"wxf3f6462195815590","openid":"oXhtZ5Hnt5vmivLqkkWLZKE0sRAY"}
