{"_id":"01ace4015dea009800cc95765671d603","avatarUrl":"https://wx.qlogo.cn/mmhead/6tBwjdhcqic6OEcOSWVZCAu55icSyqJnCQGBnwMpGISFc/132","gender":0.0,"createDate":{"$date":"2019-12-06T07:17:44.537Z"},"openid":"oXhtZ5Cr2E0n386_AAv0CeVLpZSs","clubid":"lxRi1uqXpsdGrYSCQXkhteL2l70UPfj3F3lXV1xrLkTCSfyv","enable":true,"order":1.0,"name":"王庆怡"}
{"_id":"01ace4015decad25015ffac6536753ed","openid":"oXhtZ5JdKMYf78J3sqEssn7rOYEQ","clubid":"lxRi1uqXpsdGrYSCQXkhteL2l70UPfj3F3lXV1xrLkTCSfyv","enable":true,"order":1.0,"name":"叶淑芬","avatarUrl":"https://wx.qlogo.cn/mmhead/aXzK9AnsKJ9lVOpBhhusXaYNFYIRhCNKJja2yeQXBkY/132","gender":0.0,"createDate":{"$date":"2019-12-08T07:58:29.793Z"}}
{"_id":"01ace4015decdc82016e4ec272c89402","avatarUrl":"https://wx.qlogo.cn/mmopen/vi_32/aHsn6smUSTKkwARm4vblUYfgAZNIg6DFNibotNBkYC63F3t41aqNCPzX1vcHsFoAf8YmWcoPiaLZCMJry3Dia6ZvQ/132","gender":0.0,"createDate":{"$date":"2019-12-08T11:20:34.661Z"},"openid":"oXhtZ5HIrSvAFJW_kQ0jwbGPP8Io","clubid":"2f53b990-5a2e-42b0-bc70-3a3dfe6a73b0","enable":true,"order":70.0,"name":"火上浇油"}
{"_id":"0JbhiPOISetfYLbMTn5PTmZ5vqzBPuba35FtRn0h5OUIn0Q6","openid":"3","clubid":"lxRi1uqXpsdGrYSCQXkhteL2l70UPfj3F3lXV1xrLkTCSfyv","enable":true,"order":0,"name":"哈哈哈","avatarUrl":"https://wx.qlogo.cn/mmopen/vi_32/Q0j4TwGTfTKoU7vTPicXUIYeBZsIpjX72r9WLBs9M7FPgWyweLRTiaBP6A3CyfxliaicBm7LgwAq26638vRykEuRJg/132","gender":1.0,"createDate":{"$date":"2019-12-05T06:57:57.606Z"}}
{"_id":"1PmtAhIsvhTOqrRCnnJUkmQcmLWA2ud3qactiFWxtmbB8iRV","createDate":{"$date":"2019-12-05T06:58:06.621Z"},"openid":"","clubid":"2f53b990-5a2e-42b0-bc70-3a3dfe6a73b0","enable":true,"order":7.0,"name":"星星","gender":1}
{"_id":"72527ac65de8aa7e0085372e267667fd","createDate":{"$date":"2019-12-05T06:58:06.621Z"},"openid":"oXhtZ5OttJ-FzK3S2fqGXH-kyFHE","clubid":"2f53b990-5a2e-42b0-bc70-3a3dfe6a73b0","enable":true,"order":170.0,"name":"awen","avatarUrl":"https://wx.qlogo.cn/mmopen/vi_32/PiajxSqBRaEKiawflHgNOBJDNu4dHTeWltK1Ce4PhjjAdnNhBYzdN5kQiaDj8QwiaLPBeBZBnerQS3X3A56RMwuC0Q/132","gender":1.0}
{"_id":"72527ac65de8d3090090c2c550988727","order":1.0,"name":"ybsw","avatarUrl":"https://wx.qlogo.cn/mmopen/vi_32/Jjp8E8KtmquVKqQibeFkHxGibEopQP1ejL27py4RY0HSydk9fyP5iagyKIAxBic8ShS2icIQ8WGxD4aAwP82U8Y3SgA/132","gender":0.0,"createDate":{"$date":"2019-12-05T09:51:05.202Z"},"openid":"oXhtZ5MxWzvCMFxakMj3YIgHSxfs","clubid":"lxRi1uqXpsdGrYSCQXkhteL2l70UPfj3F3lXV1xrLkTCSfyv","enable":true}
{"_id":"72527ac65decb83201640aab62ac4d6a","name":"张松飞","avatarUrl":"https://wx.qlogo.cn/mmopen/vi_32/Q0j4TwGTfTJntH2HqtCcl0viaVA4SNdrOAFVAPVdiaCPZrBqTMBxqia85PERAXGG8WebUVCgIBs14911iav6Gvou3Q/132","gender":1.0,"createDate":{"$date":"2019-12-08T08:45:38.676Z"},"openid":"oXhtZ5EJa4RUm2Q0vMm6Joe1UPS4","clubid":"2f53b990-5a2e-42b0-bc70-3a3dfe6a73b0","enable":true,"order":146.0}
{"_id":"72527ac65decb84101640e6d57c31b12","avatarUrl":"https://wx.qlogo.cn/mmopen/vi_32/Q0j4TwGTfTL8znOtVic5rz9MxuSjnvrctUNfDBZ2iaJq4Lib0iccr7jVZ1QSCUpyVxzQFGzIva3zooHSjS6Ou1YiaqA/132","gender":1.0,"createDate":{"$date":"2019-12-08T08:45:53.222Z"},"openid":"oXhtZ5O5glGP926K9OnUuQReOmzU","clubid":"lxRi1uqXpsdGrYSCQXkhteL2l70UPfj3F3lXV1xrLkTCSfyv","enable":true,"order":1.0,"name":"变形金刚"}
{"_id":"72527ac65decbf3c01660efe122cac01","avatarUrl":"https://wx.qlogo.cn/mmopen/vi_32/DYAIOgq83eoCmh47BiaM2Aa2JRNRcSlEwm3GCw9zZjKxxibmjPfck3Dr9ic9V2HBIHgenE9Yzs4lUM02OS0zsu0NA/132","gender":1.0,"createDate":{"$date":"2019-12-08T09:15:40.418Z"},"openid":"oXhtZ5KBq-MCYOG48vXLgMnScDGc","clubid":"2f53b990-5a2e-42b0-bc70-3a3dfe6a73b0","enable":true,"order":67.0,"name":"Louie_卢佩新"}
{"_id":"72527ac65decc1b90166cae42b245abd","avatarUrl":"https://wx.qlogo.cn/mmopen/vi_32/XibPIdmhVcCmBUoBOTmtPJUL2wqX43nO0bXCOGia1ictvv0W0ibbFVHyFKYicWCzn2gDh8Wb7AretRlnFS3L20XFvwg/132","gender":1.0,"createDate":{"$date":"2019-12-08T09:26:17.273Z"},"openid":"oXhtZ5KhMoMhcUvzVeDFsoxvEsNs","clubid":"2f53b990-5a2e-42b0-bc70-3a3dfe6a73b0","enable":true,"order":146.0,"name":"贝壳蛤蟆"}
{"_id":"7799745c5decb7c501623d321680d908","enable":true,"order":148.0,"name":"老严","avatarUrl":"https://wx.qlogo.cn/mmopen/vi_32/Q0j4TwGTfTIejMaMMuQw6Xcn2PfJUfWgp6tfEyBtL84qNqSngLefUlL2Ikqwk6Fju0WVp9VURhKpZcibz0D7ia5A/132","gender":1.0,"createDate":{"$date":"2019-12-08T08:43:49.703Z"},"openid":"oXhtZ5LP_7U9K1LMgQEhoSfk6c9E","clubid":"2f53b990-5a2e-42b0-bc70-3a3dfe6a73b0"}
{"_id":"EE4kkhqfehBnzRdk2saVvszHVAMm80QwVIqlh0at8CNhELKK","createDate":{"$date":"2019-12-05T06:58:06.621Z"},"openid":"","clubid":"2f53b990-5a2e-42b0-bc70-3a3dfe6a73b0","enable":true,"order":6.0,"name":"光哥","gender":1}
{"_id":"EnWZ2m0am0UAZAq7Xm7cII15w5nan1WWd9PZZ6U7idcuIs7z","createDate":{"$date":"2019-12-05T06:58:06.621Z"},"openid":"","clubid":"2f53b990-5a2e-42b0-bc70-3a3dfe6a73b0","enable":true,"order":7.0,"name":"小黄鸭","gender":1}
{"_id":"FBP8xIoj6961FWsEylC1R10PD7Ea6FXLJP7byfMtj1dhIPMN","openid":"2","clubid":"lxRi1uqXpsdGrYSCQXkhteL2l70UPfj3F3lXV1xrLkTCSfyv","enable":true,"order":0.0,"name":"^o^","avatarUrl":"https://wx.qlogo.cn/mmopen/vi_32/oic6pu4PMKTSLUKOibBAB0XLbYX7iaQaZaLx8wNEmovI1gpg2FDoLIcx8OEV5XfXBnGGPnbbGMtOZkfmCDMSsayYw/132","gender":1.0,"createDate":{"$date":"2019-12-05T06:57:57.606Z"}}
{"_id":"IUXHf0HW7LJplsAYkHP3xwToGAWGO6o9Poan6F3G0eC2ZZci","createDate":{"$date":"2019-12-05T06:58:06.621Z"},"openid":"","clubid":"2f53b990-5a2e-42b0-bc70-3a3dfe6a73b0","enable":true,"order":13.0,"name":"奶瓶","gender":1}
{"_id":"MJu5PFHVnQdinCK4s5EFCmMgduoAMwt5VlWnXM1n9yxalsBV","openid":"5","clubid":"lxRi1uqXpsdGrYSCQXkhteL2l70UPfj3F3lXV1xrLkTCSfyv","enable":true,"order":0,"name":"zhong","avatarUrl":"https://wx.qlogo.cn/mmopen/vi_32/KZkgULPR5CFY9u7yIyicLhYvh6f7nbTwGMAm0SN53TBlRg1R2t7X23tBnicDj3uo2dKBUz93Aeg4dxDnTAUo2fiag/132","gender":1.0,"createDate":{"$date":"2019-12-05T06:57:57.606Z"}}
{"_id":"PXf1lXMokPWLz8y8hBSyNjVaCv8IZyCOnZZCqza65YAnwEiY","openid":"6","clubid":"lxRi1uqXpsdGrYSCQXkhteL2l70UPfj3F3lXV1xrLkTCSfyv","enable":true,"order":0,"name":"Lovw","avatarUrl":"https://wx.qlogo.cn/mmopen/vi_32/M7kd3HQtnichxgTG5VDxS1wiaQiclEOwNZhYCbekrDgtXvpdsmfdA33Cibt2KZImLZ1JicxC4lFMLMOw1uyGYZAfCow/132","gender":1.0,"createDate":{"$date":"2019-12-05T06:57:57.606Z"}}
{"_id":"RTfyAuueh1ReVqt4Sx1MMDxIkoFNzlPwDJm5UFgsJvRyxOJW","createDate":{"$date":"2019-12-05T06:58:06.621Z"},"openid":"","clubid":"2f53b990-5a2e-42b0-bc70-3a3dfe6a73b0","enable":true,"order":7.0,"name":"火煌","gender":1}
{"_id":"YCnZ3f3V1PLJfoqCuiqaiN9egeYGurVjc6GCqe7llvokWDsc","openid":"7","clubid":"lxRi1uqXpsdGrYSCQXkhteL2l70UPfj3F3lXV1xrLkTCSfyv","enable":true,"order":0.0,"name":"没有人","avatarUrl":"https://wx.qlogo.cn/mmopen/vi_32/oic6pu4PMKTSLUKOibBAB0XLbYX7iaQaZaLx8wNEmovI1gpg2FDoLIcx8OEV5XfXBnGGPnbbGMtOZkfmCDMSsayYw/132","gender":1.0,"createDate":{"$date":"2019-12-05T06:57:57.606Z"}}
{"_id":"b040a67a5decb7ae0162bcee0bb89f89","createDate":{"$date":"2019-12-08T08:43:26.792Z"},"openid":"oXhtZ5Hnt5vmivLqkkWLZKE0sRAY","clubid":"2f53b990-5a2e-42b0-bc70-3a3dfe6a73b0","enable":true,"order":113.0,"name":"大江","avatarUrl":"https://wx.qlogo.cn/mmopen/vi_32/Q0j4TwGTfTIxByn7DWnS3y0llKBMqTwIia8xeYJAnJ3zIeZ0FYvvxpfiaB699X1TY4esIHcUwpfZkuprCiaRiaCB0w/132","gender":1.0}
{"_id":"b040a67a5ded9a100189a3da0712681e","clubid":"lxRi1uqXpsdGrYSCQXkhteL2l70UPfj3F3lXV1xrLkTCSfyv","enable":true,"order":1.0,"name":"陈惠君","avatarUrl":"https://wx.qlogo.cn/mmhead/Ichib5hYyuKHqIJhbleK5N66aNUSFdgKxicyJgwVW1pz0/132","gender":0.0,"createDate":{"$date":"2019-12-09T00:49:20.287Z"},"openid":"oXhtZ5MHEu4IhW6cEaI2iXPDHQC8"}
{"_id":"dbff9fc75de8aa750084c8584b6d5fe1","openid":"oXhtZ5OttJ-FzK3S2fqGXH-kyFHE","clubid":"lxRi1uqXpsdGrYSCQXkhteL2l70UPfj3F3lXV1xrLkTCSfyv","enable":true,"order":-1.0,"name":"newa","avatarUrl":"https://wx.qlogo.cn/mmopen/vi_32/PiajxSqBRaEKiawflHgNOBJDNu4dHTeWltK1Ce4PhjjAdnNhBYzdN5kQiaDj8QwiaLPBeBZBnerQS3X3A56RMwuC0Q/132","gender":1.0,"createDate":{"$date":"2019-12-05T06:57:57.606Z"}}
{"_id":"dbff9fc75decb7bb0163799f3484f403","openid":"oXhtZ5Iuea3Ld7hs2wf52KvYrtq0","clubid":"2f53b990-5a2e-42b0-bc70-3a3dfe6a73b0","enable":true,"order":50.0,"name":"陈周彬","avatarUrl":"https://wx.qlogo.cn/mmopen/vi_32/Q0j4TwGTfTK0Ss86D6k7qVSj8z1BSDyJY6nknMvj2OzjS0IWm1zRGe4fXDf9MO6RdUTVutYBkbTZ1ecKAI1oJQ/132","gender":1.0,"createDate":{"$date":"2019-12-08T08:43:39.577Z"}}
{"_id":"dbff9fc75decb7d101637f131a33c869","openid":"oXhtZ5O5glGP926K9OnUuQReOmzU","clubid":"2f53b990-5a2e-42b0-bc70-3a3dfe6a73b0","enable":true,"order":139.0,"name":"卢邱武","avatarUrl":"https://wx.qlogo.cn/mmopen/vi_32/Q0j4TwGTfTL8znOtVic5rz9MxuSjnvrctUNfDBZ2iaJq4Lib0iccr7jVZ1QSCUpyVxzQFGzIva3zooHSjS6Ou1YiaqA/132","gender":1.0,"createDate":{"$date":"2019-12-08T08:44:01.441Z"}}
{"_id":"dbff9fc75decb8a00163b6ad75694e4d","createDate":{"$date":"2019-12-08T08:47:28.672Z"},"openid":"oXhtZ5OYwGdc1PWDSnqusXxksMY4","clubid":"2f53b990-5a2e-42b0-bc70-3a3dfe6a73b0","enable":true,"order":172.0,"name":"糖 分","avatarUrl":"https://wx.qlogo.cn/mmopen/vi_32/DYAIOgq83erzrPtia5C0iaiaBgXcu3lghY233AAiaN81CTNU5GypJgDuOS6rVXlGEVia3UpRcFSqPvRKdMPCicibhRcMw/132","gender":1.0}
{"_id":"dbff9fc75dede53e019f0e452703bb61","clubid":"lxRi1uqXpsdGrYSCQXkhteL2l70UPfj3F3lXV1xrLkTCSfyv","enable":true,"order":1.0,"name":"🍭","avatarUrl":"https://wx.qlogo.cn/mmopen/vi_32/oQwficcAnGf6XQYBJaCRh71e301bROcNRlhuDqKfeefg3q5YjBpnlenNXp5o4GYO7KDXpwrmEtVb4r65HDjFtpw/132","gender":0.0,"createDate":{"$date":"2019-12-09T06:10:06.484Z"},"openid":"oXhtZ5JJByv4RewPtHBFMZDsiEPM"}
{"_id":"g1fKiZWYTmKtKmSXu2AFz8Vf8aICWwg4MDaWPHIseQjpW8RJ","openid":"8","clubid":"lxRi1uqXpsdGrYSCQXkhteL2l70UPfj3F3lXV1xrLkTCSfyv","enable":true,"order":0.0,"name":"😯俄","avatarUrl":"https://wx.qlogo.cn/mmopen/vi_32/M7kd3HQtnichxgTG5VDxS1wiaQiclEOwNZhYCbekrDgtXvpdsmfdA33Cibt2KZImLZ1JicxC4lFMLMOw1uyGYZAfCow/132","gender":1.0,"createDate":{"$date":"2019-12-05T06:57:57.606Z"}}
{"_id":"iTl2tNkiz4siBXYoNlAugYvOAEULvzPtGX5Yp28SvmHy1CqS","createDate":{"$date":"2019-12-05T06:58:06.621Z"},"openid":"","clubid":"2f53b990-5a2e-42b0-bc70-3a3dfe6a73b0","enable":true,"order":7.0,"name":"小徐","gender":1}
{"_id":"vOy6T2Pl2FZxHvnjDYk3oS3I8fS3qdGeu5BEBSCzXaADgjFh","openid":"1","clubid":"lxRi1uqXpsdGrYSCQXkhteL2l70UPfj3F3lXV1xrLkTCSfyv","enable":true,"order":0.0,"name":"wo是NPC","avatarUrl":"https://thirdwx.qlogo.cn/mmopen/vi_32/Q0j4TwGTfTImznAicK2AmagmC25qXWrd3caibBfp7C64sCEocROevLPPhZrnbPmXNh5wglngvpIpXtD6koEibT57g/132","gender":1.0,"createDate":{"$date":"2019-12-05T06:57:57.606Z"}}
{"_id":"wBn95Rjgvtx88tfVaUfa0S4HufOZ3tDkpcRHunPDniaF6WKy","openid":"4","clubid":"lxRi1uqXpsdGrYSCQXkhteL2l70UPfj3F3lXV1xrLkTCSfyv","enable":true,"order":0,"name":"possi","avatarUrl":"https://wx.qlogo.cn/mmopen/vi_32/Q0j4TwGTfTJAtWWiasb24yK0wGKHEqD0L29CCqEo36CibxmhicHbbNW2ur67JibQy9wqraVicicPFsG8oEMILSFjzelQ/132","gender":1.0,"createDate":{"$date":"2019-12-05T06:57:57.606Z"}}
