{"_id":"01ace4015ded20da017f5ae20d864949","_openid":"oXhtZ5OttJ-FzK3S2fqGXH-kyFHE","createDate":{"$date":"2019-06-11T16:23:47.000Z"},"total":14.0,"finish":14.0,"playerCount":8.0,"remark":"","clubid":"2f53b990-5a2e-42b0-bc70-3a3dfe6a73b0"}
{"_id":"01ace4015ded20da017f5ae6572d7b06","createDate":{"$date":"2019-09-03T16:23:27.000Z"},"total":11.0,"finish":11.0,"playerCount":7.0,"remark":"","clubid":"2f53b990-5a2e-42b0-bc70-3a3dfe6a73b0","_openid":"oXhtZ5OttJ-FzK3S2fqGXH-kyFHE"}
{"_id":"01ace4015ded20da017f5af202182a31","remark":"","clubid":"2f53b990-5a2e-42b0-bc70-3a3dfe6a73b0","_openid":"oXhtZ5OttJ-FzK3S2fqGXH-kyFHE","createDate":{"$date":"2019-11-05T16:23:16.000Z"},"total":14.0,"finish":14.0,"playerCount":8.0}
{"_id":"01ace4015ded20db017f5b1352e63dbe","playerCount":8.0,"remark":"","clubid":"2f53b990-5a2e-42b0-bc70-3a3dfe6a73b0","_openid":"oXhtZ5OttJ-FzK3S2fqGXH-kyFHE","createDate":{"$date":"2019-07-02T16:23:02.000Z"},"total":14.0,"finish":14.0}
{"_id":"72527ac65dec9753015b68886ea75a49","total":14.0,"finish":4.0,"playerCount":8.0,"remark":"","clubid":"lxRi1uqXpsdGrYSCQXkhteL2l70UPfj3F3lXV1xrLkTCSfyv","createDate":{"$date":"2019-12-08T06:25:23.718Z"}}
{"_id":"72527ac65ded20da018079375c3861e3","remark":"","clubid":"2f53b990-5a2e-42b0-bc70-3a3dfe6a73b0","_openid":"oXhtZ5OttJ-FzK3S2fqGXH-kyFHE","createDate":{"$date":"2019-04-09T16:22:39.000Z"},"total":11.0,"finish":11.0,"playerCount":7.0}
{"_id":"72527ac65ded20da0180794257d13432","finish":8.0,"playerCount":6.0,"remark":"","clubid":"2f53b990-5a2e-42b0-bc70-3a3dfe6a73b0","_openid":"oXhtZ5OttJ-FzK3S2fqGXH-kyFHE","createDate":{"$date":"2019-06-04T16:22:12.000Z"},"total":8.0}
{"_id":"72527ac65ded20da0180794336854fca","total":11.0,"finish":11.0,"playerCount":7.0,"remark":"","clubid":"2f53b990-5a2e-42b0-bc70-3a3dfe6a73b0","_openid":"oXhtZ5OttJ-FzK3S2fqGXH-kyFHE","createDate":{"$date":"2019-06-18T16:21:47.000Z"}}
{"_id":"72527ac65ded20da018079457c1c22a0","createDate":{"$date":"2019-05-21T16:21:25.000Z"},"total":8.0,"finish":8.0,"playerCount":6.0,"remark":"","clubid":"2f53b990-5a2e-42b0-bc70-3a3dfe6a73b0","_openid":"oXhtZ5OttJ-FzK3S2fqGXH-kyFHE"}
{"_id":"72527ac65ded20da018079461e115a7e","remark":"","clubid":"2f53b990-5a2e-42b0-bc70-3a3dfe6a73b0","_openid":"oXhtZ5OttJ-FzK3S2fqGXH-kyFHE","createDate":{"$date":"2019-07-09T16:21:12.000Z"},"total":14.0,"finish":14.0,"playerCount":8.0}
{"_id":"72527ac65ded20da0180794d46608a48","playerCount":7.0,"remark":"","clubid":"2f53b990-5a2e-42b0-bc70-3a3dfe6a73b0","_openid":"oXhtZ5OttJ-FzK3S2fqGXH-kyFHE","createDate":{"$date":"2019-09-24T16:20:26.000Z"},"total":11.0,"finish":11.0}
{"_id":"7799745c5ded20da017ec3854d6899d3","finish":11.0,"playerCount":7.0,"remark":"","clubid":"2f53b990-5a2e-42b0-bc70-3a3dfe6a73b0","_openid":"oXhtZ5OttJ-FzK3S2fqGXH-kyFHE","createDate":{"$date":"2019-04-02T16:20:11.000Z"},"total":11.0}
{"_id":"7799745c5ded20da017ec38a74d0c627","total":14.0,"finish":14.0,"playerCount":8.0,"remark":"","clubid":"2f53b990-5a2e-42b0-bc70-3a3dfe6a73b0","_openid":"oXhtZ5OttJ-FzK3S2fqGXH-kyFHE","createDate":{"$date":"2019-08-06T16:19:42.000Z"}}
{"_id":"b040a67a5dec96a5015a0fa07a3a6e72","finish":5.0,"playerCount":5.0,"remark":"","clubid":"lxRi1uqXpsdGrYSCQXkhteL2l70UPfj3F3lXV1xrLkTCSfyv","createDate":{"$date":"2019-12-08T06:22:29.571Z"},"total":5.0}
{"_id":"b040a67a5ded20da017f4f38258fc72a","clubid":"2f53b990-5a2e-42b0-bc70-3a3dfe6a73b0","_openid":"oXhtZ5OttJ-FzK3S2fqGXH-kyFHE","createDate":{"$date":"2019-05-07T16:19:29.000Z"},"total":10.0,"finish":10.0,"playerCount":8.0,"remark":""}
{"_id":"b040a67a5ded20da017f4f394a1fb4b6","finish":14.0,"playerCount":8.0,"remark":"","clubid":"2f53b990-5a2e-42b0-bc70-3a3dfe6a73b0","_openid":"oXhtZ5OttJ-FzK3S2fqGXH-kyFHE","createDate":{"$date":"2019-05-28T16:19:14.000Z"},"total":14.0}
{"_id":"b040a67a5ded20da017f4f3c4668b37f","clubid":"2f53b990-5a2e-42b0-bc70-3a3dfe6a73b0","_openid":"oXhtZ5OttJ-FzK3S2fqGXH-kyFHE","createDate":{"$date":"2019-08-13T16:18:59.000Z"},"total":11.0,"finish":11.0,"playerCount":7.0,"remark":""}
{"_id":"b040a67a5ded20da017f4f43679d32b6","finish":11.0,"playerCount":7.0,"remark":"","clubid":"2f53b990-5a2e-42b0-bc70-3a3dfe6a73b0","_openid":"oXhtZ5OttJ-FzK3S2fqGXH-kyFHE","createDate":{"$date":"2019-09-10T16:18:49.000Z"},"total":11.0}
{"_id":"b040a67a5ded20da017f4f4463f17350","finish":14.0,"playerCount":8.0,"remark":"","clubid":"2f53b990-5a2e-42b0-bc70-3a3dfe6a73b0","_openid":"oXhtZ5OttJ-FzK3S2fqGXH-kyFHE","createDate":{"$date":"2019-10-08T16:18:39.000Z"},"total":14.0}
{"_id":"b040a67a5ded20da017f4f4b034c0d48","clubid":"2f53b990-5a2e-42b0-bc70-3a3dfe6a73b0","_openid":"oXhtZ5OttJ-FzK3S2fqGXH-kyFHE","createDate":{"$date":"2019-11-12T16:18:29.000Z"},"total":8.0,"finish":8.0,"playerCount":6.0,"remark":""}
{"_id":"b040a67a5ded20da017f4f4c0d538e95","remark":"","clubid":"2f53b990-5a2e-42b0-bc70-3a3dfe6a73b0","_openid":"oXhtZ5OttJ-FzK3S2fqGXH-kyFHE","createDate":{"$date":"2019-10-29T16:18:19.000Z"},"total":13.0,"finish":13.0,"playerCount":7.0}
{"_id":"dbff9fc75ded20da0180065b6f19d8e4","remark":"","clubid":"2f53b990-5a2e-42b0-bc70-3a3dfe6a73b0","_openid":"oXhtZ5OttJ-FzK3S2fqGXH-kyFHE","createDate":{"$date":"2019-08-27T16:18:07.000Z"},"total":11.0,"finish":11.0,"playerCount":7.0}
{"_id":"dbff9fc75ded20da018006614308b186","playerCount":0.0,"remark":"","clubid":"2f53b990-5a2e-42b0-bc70-3a3dfe6a73b0","_openid":"oXhtZ5OttJ-FzK3S2fqGXH-kyFHE","createDate":{"$date":"2019-09-17T16:17:55.000Z"},"total":14.0,"finish":14.0}
{"_id":"e8f863ba5ded1b3f017f4e000f2c290d","_openid":"oXhtZ5OttJ-FzK3S2fqGXH-kyFHE","createDate":{"$date":"2019-12-04T15:51:03.000Z"},"total":11.0,"finish":11.0,"playerCount":7.0,"remark":"","clubid":"2f53b990-5a2e-42b0-bc70-3a3dfe6a73b0"}
{"_id":"e8f863ba5ded20da018012fa7fda7b3a","finish":14.0,"playerCount":0.0,"remark":"","clubid":"2f53b990-5a2e-42b0-bc70-3a3dfe6a73b0","_openid":"oXhtZ5OttJ-FzK3S2fqGXH-kyFHE","createDate":{"$date":"2019-05-14T16:17:39.000Z"},"total":14.0}
{"_id":"e8f863ba5ded20da018012fb569cfbb2","finish":14.0,"playerCount":8.0,"remark":"","clubid":"2f53b990-5a2e-42b0-bc70-3a3dfe6a73b0","_openid":"oXhtZ5OttJ-FzK3S2fqGXH-kyFHE","createDate":{"$date":"2019-06-25T16:17:07.000Z"},"total":14.0}
{"_id":"e8f863ba5ded20da0180130b3b90b2fb","clubid":"2f53b990-5a2e-42b0-bc70-3a3dfe6a73b0","_openid":"oXhtZ5OttJ-FzK3S2fqGXH-kyFHE","createDate":{"$date":"2019-10-22T16:16:06.000Z"},"total":11.0,"finish":11.0,"playerCount":7.0,"remark":""}
{"_id":"e8f863ba5ded20da0180131338f9e9d3","finish":14.0,"playerCount":8.0,"remark":"","clubid":"2f53b990-5a2e-42b0-bc70-3a3dfe6a73b0","_openid":"oXhtZ5OttJ-FzK3S2fqGXH-kyFHE","createDate":{"$date":"2019-11-19T16:15:54.000Z"},"total":14.0}
{"_id":"e8f863ba5ded20da018013140a85282d","total":11.0,"finish":11.0,"playerCount":7.0,"remark":"","clubid":"2f53b990-5a2e-42b0-bc70-3a3dfe6a73b0","_openid":"oXhtZ5OttJ-FzK3S2fqGXH-kyFHE","createDate":{"$date":"2019-11-26T16:15:38.000Z"}}
{"_id":"e8f863ba5dee321b01b6b626509db69b","finish":0.0,"playerCount":4.0,"remark":"","clubid":"lxRi1uqXpsdGrYSCQXkhteL2l70UPfj3F3lXV1xrLkTCSfyv","createDate":{"$date":"2019-12-09T11:38:03.266Z"},"total":3.0}
